alphas1_c,alphas2_c,alpha_c,anisotropy_c,c11_c,c13_phase_c,c22_c,c33_c,entropy_c,l1_c,l2_c,l3_c,phis1_c,phis2_c,ro12_amplitude_c,span_c,taum1_c,taum2_c,taum3_c,yamaguchi4_dbl_c,yamaguchi4_hlx_c,yamaguchi4_odd_c,yamaguchi4_vol_c,Class
9.5921,75.036,34.1945,0.1666,0.1093,-21.1048,0.0372,0.1311,0.7772,0.1932,0.0547,0.0391,-41.8288,38.0238,0.2364,0.2776,-2.3466,23.7729,-41.4855,0.0046,0.0076,0.1126,0.1621,Winter_Wheat
10.1569,74.98,33.0671,0.1288,0.0931,0,0.0454,0.1499,0.763,0.2263,0.0586,0.0452,-32.9755,14.2931,0.2526,0.2884,-0.8147,29.3039,-32.2418,0.0052,0.0301,0.1578,0.137,Winter_Wheat
9.0147,65.8826,33.1857,0.175,0.1312,-14.3646,0.0371,0.1939,0.7723,0.1968,0.0552,0.0388,-40.4238,20.4741,0.2214,0.3622,0.5716,37.3815,-36.3289,0.0046,0.0066,0.1156,0.1639,Winter_Wheat
12.2009,76.3416,34.9937,0.1374,0.1293,-20.2657,0.0355,0.2456,0.7753,0.2297,0.0627,0.0475,-18.0827,14.4454,0.2781,0.4104,-1.4539,13.4496,-35.6839,0.0135,0.0341,0.1663,0.1259,Winter_Wheat
8.8046,81.7496,32.7671,0.4107,0.1322,-57.3131,0.0249,0.1441,0.7392,0.2193,0.0707,0.0295,-38.697,61.1225,0.1744,0.3012,2.4143,-3.7498,5.6129,0.0391,0.0154,0.1696,0.0954,Winter_Wheat
10.0443,79.9556,33.2443,0.3385,0.1116,5.1944,0.0149,0.1885,0.7534,0.2321,0.0725,0.0359,-42.0872,49.1327,0.2016,0.315,1.2264,-10.2236,17.1132,0.0354,0.0157,0.1726,0.1168,Winter_Wheat
9.2397,80.6672,32.666,0.1795,0.1351,-8.1301,0.0564,0.1855,0.7602,0.2373,0.0641,0.0446,-7.7492,3.9991,0.2034,0.377,-0.7231,9.2443,24.4992,0.0185,0.0228,0.1685,0.1362,Winter_Wheat
9.1477,82.5735,33.0187,0.178,0.1141,22.4794,0.0744,0.1265,0.7667,0.2363,0.0652,0.0455,-32.0823,35.5646,0.1513,0.315,0.6221,21.9329,-15.3032,0.0164,0.0395,0.176,0.1153,Winter_Wheat
9.323,74.4914,33.8824,0.2285,0.146,-9.7824,0.0399,0.131,0.7725,0.1958,0.0582,0.0365,-41.7606,54.4226,0.1929,0.3169,2.0926,31.2645,-23.4117,0.0179,0.0219,0.1379,0.1128,Winter_Wheat
8.2904,79.3309,30.7583,0.3751,0.1721,-27.451,0.0265,0.0938,0.7217,0.2347,0.0682,0.031,-70.4472,73.4728,0.1556,0.2923,0.521,-24.4422,28.2554,0.0364,0.0601,0.2281,0.0093,Winter_Wheat
6.2133,80.0993,32.5949,0.2743,0.1084,-1.8476,0.033,0.1579,0.7769,0.2172,0.0689,0.0392,-67.3562,68.0654,0.1203,0.2992,0.5742,27.2654,30.5589,0.0293,0.0274,0.1647,0.104,Winter_Wheat
6.3837,70.3164,33.0421,0.2106,0.1816,3.3339,0.0653,0.1783,0.7878,0.2239,0.069,0.045,-21.0028,7.3962,0.1129,0.4252,-0.2474,36.6738,40.0583,0.0176,0.0181,0.1444,0.1578,Winter_Wheat
9.3225,47.301,37.6189,0.2593,0.1434,-5.1479,0.0518,0.1602,0.8207,0.2155,0.0793,0.0467,-15.0929,74.7733,0.0853,0.3553,2.1783,42.6443,18.1839,0.0271,0.0257,0.1336,0.1551,Winter_Wheat
7.5717,50.7148,37.1241,0.3543,0.1395,-50.6673,0.0312,0.1029,0.806,0.188,0.0731,0.0348,-19.7142,76.8982,0.1529,0.2736,4.2472,38.6504,-16.8058,0.0348,0.0097,0.1197,0.1317,Winter_Wheat
9.637,13.2523,35.8062,0.2776,0.169,-7.6668,0.0408,0.1603,0.7824,0.2337,0.0759,0.0429,33.0456,67.6883,0.1294,0.3701,-3.8711,41.5133,11.9837,0.0225,0.0901,0.2136,0.0263,Winter_Wheat
8.8067,53.8958,34.7271,0.2878,0.193,6.7662,0.0547,0.1608,0.7694,0.2281,0.0714,0.0395,43.7024,75.7889,0.1213,0.4085,-4.018,37.9413,-27.1334,0.0463,0,0.1749,0.0943,Winter_Wheat
10.5973,63.4776,33.9183,0.2488,0.1486,-4.6669,0.041,0.1263,0.77,0.2198,0.0661,0.0398,-79.0869,79.9791,0.1712,0.3159,0.0028,-35.075,39.9286,0.0238,0.0819,0.2127,0.0073,Winter_Wheat
9.5553,80.8942,37.343,0.2049,0.108,-24.5377,0.0329,0.1573,0.8333,0.1933,0.0703,0.0464,-75.3924,75.7036,0.1521,0.2982,0.3325,3.6371,7.2064,0.0227,0.0396,0.1367,0.111,Winter_Wheat
12.9971,70.5026,38.3779,0.2294,0.1425,7.8533,0.0623,0.0994,0.8293,0.204,0.0751,0.0471,-53.2583,45.3938,0.201,0.3041,-0.541,25.8573,33.7521,0.0252,0.0502,0.1522,0.0986,Winter_Wheat
13.5242,66.8901,48.8957,0.0925,0.2638,20.6744,0.3043,0.4102,0.9567,0.504,0.2992,0.2485,-22.6265,-0.0945,0.0958,0.9783,5.3886,-24.4537,-37.6145,0.0262,0.1822,0.1463,0.6969,Rapeseed
22.4642,56.35,48.9838,0.1985,0.4361,-18.4349,0.2102,0.6883,0.9268,0.5869,0.3293,0.2202,15.6137,-46.0169,0.2074,1.3346,10.3867,-16.08,31.2645,0.0517,0.2624,0.2773,0.5451,Rapeseed
28.3366,60.5435,48.9465,0.257,0.3959,69.444,0.268,0.8833,0.9157,0.5848,0.3338,0.1973,24.5211,-44.2689,0.2438,1.5472,8.972,-1.5819,15.5634,0.0992,0.1948,0.2803,0.5416,Rapeseed
31.2578,60.8296,49.208,0.1597,0.2754,55.9806,0.1887,0.5142,0.9228,0.5467,0.285,0.2065,16.8094,-26.4424,0.2872,0.9783,6.0596,3.4938,5.1162,0.1584,0.1438,0.1653,0.5709,Rapeseed
33.094,54.8397,50.0362,0.4131,0.2284,-63.4349,0.202,0.3589,0.9137,0.4662,0.3484,0.1447,25.4814,-17.6785,0.2632,0.7894,4.169,18.4272,-19.4802,0.0724,0.1976,0,0.6893,Rapeseed
35.0391,56.8541,49.8715,0.3877,0.2273,-68.1986,0.192,0.3937,0.9073,0.4854,0.3275,0.1445,18.4362,-4.6642,0.3321,0.813,1.9283,17.157,-18.1655,0.0469,0.1539,0.046,0.7106,Rapeseed
14.7726,71.9972,45.6573,0.1118,0.2746,-23.0513,0.1947,0.2688,0.9217,0.5085,0.2487,0.1986,-27.8413,-45.0289,0.1205,0.7382,2.3524,-33.1183,23.4639,0.0098,0.1583,0.2044,0.5833,Rapeseed
19.9566,76.1705,46.7763,0.1441,0.2119,-15.732,0.2333,0.3894,0.9212,0.4911,0.2489,0.1862,-30.4178,17.542,0.157,0.8346,3.8078,11.223,-7.6097,0.0419,0.2383,0.2834,0.3627,Rapeseed
27.984,45.0204,48.9744,0.1128,0.2038,7.4314,0.2491,0.5058,0.933,0.47,0.2452,0.1955,-41.246,47.7842,0.2224,0.9587,-4.2923,25.7831,-35.5645,0.1551,0.1438,0,0.6118,Rapeseed
26.1289,57.9626,48.4261,0.1322,0.4483,-37.9716,0.1494,0.3511,0.9066,0.5382,0.2491,0.191,-36.9112,54.9565,0.2447,0.9488,-8.6265,-29.3709,-9.718,0,0.2144,0.2088,0.5551,Rapeseed
17.0581,26.5898,48.1324,0.2039,0.4345,-10.9887,0.2341,0.3393,0.9368,0.4743,0.2855,0.1888,-25.3557,52.0144,0.2344,1.0079,-1.6749,40.239,-25.1803,0,0.009,0,0.9396,Rapeseed
26.1598,66.7782,49.6404,0.2543,0.1306,-23.6294,0.3732,0.6812,0.9415,0.4579,0.308,0.1831,-9.4266,25.7001,0.2542,1.185,-1.6633,15.1898,-18.088,0,0.009,0,0.94,Rapeseed
33.3336,68.8026,50.8653,0.2778,0.2558,165.9638,0.2315,0.2863,0.9327,0.4761,0.3129,0.1769,5.6348,10.5706,0.3289,0.7736,-2.6026,4.4258,-6.8549,0.0018,0.0381,0,0.926,Rapeseed
6.9414,78.5741,29.6225,0.1735,0.3785,13.2802,0.0861,0.2894,0.7253,0.5176,0.1233,0.0868,29.9729,-19.3563,0.1769,0.7539,-0.9294,27.9589,-36.9797,0.0322,0.0749,0.412,0.2086,Lucerne
9.7562,74.0261,31.892,0.3168,0.2085,21.8014,0.1008,0.1927,0.7262,0.4818,0.1335,0.0693,25.2789,-15.2622,0.2066,0.502,-2.3084,25.4874,39.4013,0.0562,0.1446,0.4669,0.0168,Lucerne
9.7021,74.3314,30.8598,0.4019,0.4284,-30.5297,0.0616,0.1616,0.6998,0.5264,0.1458,0.0622,18.2149,1.4183,0.1756,0.6516,-2.2335,26.8019,36.0171,0.1045,0,0.4433,0.1494,Lucerne
11.3268,76.2988,29.9286,0.3444,0.4811,-9.0629,0.0757,0.3586,0.6735,0.6375,0.1517,0.074,22.6683,-9.7691,0.2171,0.9154,-1.6057,20.7631,31.2405,0.1029,0,0.535,0.1801,Lucerne
9.678,80.5886,28.9284,0.2498,0.3908,11.0786,0.1275,0.3123,0.6776,0.6298,0.138,0.0828,30.1714,-18.1713,0.1655,0.8307,-1.4028,15.3404,24.4584,0.0841,0,0.5201,0.1972,Lucerne
9.085,78.8328,31.2227,0.2414,0.3199,-1.7227,0.1019,0.2416,0.7311,0.5658,0.1473,0.09,23.7904,-21.4734,0.162,0.6634,-1.2876,-22.4685,-35.0874,0.0365,0.1401,0.4903,0.1362,Lucerne
10.2141,76.0949,29.3579,0.1897,0.476,6.5663,0.1222,0.3427,0.6861,0.629,0.1335,0.091,13.8415,-13.0514,0.291,0.9409,0.7657,23.7768,-34.0536,0.0351,0.0472,0.4866,0.2845,Lucerne
8.433,80.7958,32.5681,0.2835,0.4246,2.3859,0.08,0.2769,0.7567,0.4712,0.1403,0.0783,17.0977,-13.8075,0.185,0.7815,-1.4228,11.8114,36.6103,0.0591,0.0746,0.3824,0.1737,Lucerne
8.7458,75.7551,33.0418,0.3929,0.2823,9.0395,0.0813,0.1797,0.755,0.4745,0.1588,0.0692,25.9103,-20.8962,0.1649,0.5433,-0.7027,26.2977,39.5254,0.0834,0.052,0.3778,0.1894,Lucerne
7.0834,68.3268,30.4232,0.4104,0.3297,14.6209,0.0567,0.3715,0.7072,0.545,0.1564,0.0654,29.4726,-48.8061,0.1599,0.7579,2.493,36.6929,31.874,0.0718,0.0164,0.4023,0.2764,Lucerne
8.8717,76.9238,28.8068,0.3204,0.3242,22.6996,0.0765,0.4439,0.6801,0.677,0.1607,0.0827,31.8412,-35.8622,0.1697,0.8445,1.2547,27.996,27.9296,0.0573,0.0906,0.5644,0.2082,Lucerne
10.0713,79.5928,28.5136,0.2471,0.6311,3.6914,0.1655,0.4042,0.6682,0.6733,0.1426,0.0861,38.1921,-37.9661,0.2183,1.2008,0.3708,13.3606,21.9859,0.0374,0.1439,0.6079,0.1128,Lucerne
6.0202,84.6375,33.078,0.1937,0.4049,-14.5345,0.0953,0.364,0.7856,0.4627,0.1389,0.0938,12.4157,30.9448,0.0478,0.8642,-0.4883,36.9112,18.3121,0.0214,0.0372,0.2814,0.3554,Suger_Beets
5.3483,70.5852,31.028,0.1245,0.2992,-18.8982,0.0954,0.3397,0.759,0.5143,0.1309,0.1019,7.1435,29.7342,0.0844,0.7343,-1.5126,40.7396,35.9397,0.0059,0.0191,0.3002,0.422,Suger_Beets
5.5,69.084,35.298,0.1713,0.2036,-3.6522,0.0757,0.1784,0.8225,0.4248,0.1429,0.1011,-40.1058,50.3898,0.0959,0.4577,1.826,37.3554,36.8756,0,0.053,0.2271,0.3886,Suger_Beets
7.6196,72.8089,39.8519,0.1804,0.2388,-11.6503,0.1519,0.1684,0.8693,0.3239,0.1332,0.0925,-48.6563,61.3654,0.12,0.5591,3.0281,29.6399,29.4883,0,0.0648,0.1342,0.3506,Suger_Beets
3.7565,72.8794,43.8113,0.195,0.1569,-23.9625,0.1121,0.2055,0.9121,0.2909,0.1495,0.1007,-49.54,83.9326,0.1472,0.4744,-5.0009,-29.2862,-21.1057,0,0.0347,0.0253,0.481,Suger_Beets
10.2362,51.8413,41.2118,0.0582,0.2239,-37.7757,0.1606,0.2336,0.8893,0.3437,0.1351,0.1202,-43.2871,41.7788,0.1689,0.6181,0.9936,39.0844,-40.6728,0,0.0224,0.0958,0.4809,Suger_Beets
4.9014,21.8595,38.1029,0.0323,0.4727,-22.7906,0.1107,0.2198,0.8655,0.3895,0.1344,0.126,-16.3964,-29.0439,0.0994,0.8031,-2.027,42.1072,-40.1622,0,0.0293,0.1551,0.4654,Suger_Beets
8.4091,49.141,36.8629,0.0884,0.1647,5.5722,0.1071,0.2321,0.8332,0.4634,0.1488,0.1246,31.9271,54.3943,0.0925,0.5039,-2.0673,40.3752,-35.9973,0.0025,0.1343,0.3129,0.2872,Suger_Beets
5.9096,71.1736,35.9046,0.0859,0.3298,-25.1148,0.1826,0.2356,0.8277,0.502,0.1575,0.1325,53.216,51.4862,0.1163,0.748,2.3335,-39.3694,-41.1594,0,0.1154,0.2775,0.3991,Suger_Beets
3.5317,41.875,34.8241,0.1084,0.4423,17.2658,0.18,0.3718,0.8214,0.5717,0.1792,0.1441,82.4909,63.2818,0.0952,0.9941,-2.448,42.1116,41.2177,0,0.1313,0.307,0.4567,Suger_Beets
8.2683,71.4684,35.8319,0.1874,0.4478,4.0283,0.1674,0.4478,0.8107,0.5807,0.19,0.13,38.6861,-21.9858,0.2042,1.063,2.7119,-31.1255,40.1423,0,0.0257,0.2027,0.6723,Suger_Beets
11.3129,62.2153,35.9588,0.1437,0.4669,34.3078,0.2751,0.2422,0.7952,0.5456,0.1609,0.1205,22.6804,0.7314,0.2323,0.9843,2.753,-32.2707,39.7794,0,0.0141,0.1998,0.6131,Suger_Beets
11.1603,75.261,41.0616,0.2236,0.1907,82.875,0.13,0.2206,0.8747,0.2903,0.1287,0.0817,35.1412,-35.0283,0.1606,0.5413,-0.7352,-21.1901,42.8155,0.0634,0.0031,0.0867,0.3474,Suger_Beets
12.6614,78.4729,40.0585,0.366,0.275,-1.6135,0.0602,0.1746,0.8403,0.3126,0.1425,0.0662,53.3241,-50.646,0.2095,0.5098,-2.1812,-4.7619,9.9909,0.0367,0.0462,0.1864,0.252,Suger_Beets
7.3251,84.0957,35.3326,0.3283,0.2578,26.8058,0.0876,0.1722,0.8048,0.3654,0.137,0.0693,33.3879,-23.6567,0.1517,0.5177,-0.5263,15.205,-16.9304,0.0252,0.0386,0.2233,0.2846,Suger_Beets
3.5558,81.974,33.3225,0.1606,0.2908,7.8533,0.1362,0.2384,0.809,0.4405,0.1392,0.1007,10.6576,-34.4374,0.0666,0.6654,0.5504,39.4188,-31.0655,0.0215,0.0081,0.2296,0.4213,Suger_Beets
5.9157,84.6768,33.5002,0.1071,0.4188,8.6156,0.1176,0.3967,0.7958,0.4641,0.1321,0.1066,-47.9187,78.7762,0.0946,0.9331,-1.1587,35.1089,5.8082,0.0135,0.0858,0.3194,0.2841,Suger_Beets
5.8562,69.1313,33.4881,0.1307,0.2751,-27.0647,0.0852,0.2244,0.7939,0.4351,0.1261,0.0969,-76.5255,49.2349,0.1239,0.5846,-1.3632,-42.2901,-40.0861,0.0085,0.0947,0.3119,0.243,Suger_Beets
9.0579,45.7698,37.5801,0.1897,0.225,-11.7174,0.0919,0.2815,0.8278,0.3614,0.1266,0.0862,-62.0855,-79.8601,0.2296,0.5984,-2.5749,42.1116,22.7865,0,0.0375,0.1599,0.3769,Suger_Beets
7.9624,84.4524,40.7599,0.1559,0.2363,-17.9691,0.1277,0.2049,0.8751,0.3345,0.1372,0.1002,-63.2718,52.5373,0.2111,0.5689,3.6706,7.0766,-8.98,0,0.0059,0.0505,0.5156,Suger_Beets
12.4777,65.0873,41.5142,0.1041,0.1929,-14.5603,0.137,0.2055,0.884,0.3594,0.1449,0.1176,-59.1264,67.4794,0.2161,0.5354,-1.0633,33.0901,-32.9189,0,0.0388,0.1159,0.4672,Suger_Beets
5.9068,14.8154,42.169,0.2723,0.145,-24.201,0.0652,0.1422,0.8701,0.1805,0.0832,0.0476,67.6505,24.9846,0.1818,0.3524,7.0355,-37.3198,-41.8072,0.029,0.0466,0.1201,0.1155,Barley
16.3169,22.5331,42.0639,0.3421,0.1534,-33.6901,0.0642,0.0787,0.8568,0.1933,0.092,0.0451,-81.6382,9.5385,0.2243,0.2963,-2.5401,36.4479,-37.7401,0.0341,0.0328,0.1201,0.1434,Barley
18.8045,45.6053,42.9231,0.3598,0.1063,-30.3432,0.0643,0.1434,0.8504,0.193,0.0913,0.043,-66.1828,39.5464,0.2729,0.314,4.8617,-30.5578,-36.878,0.0309,0.0292,0.1157,0.1515,Barley
19.6256,51.4526,43.2962,0.2637,0.105,-34.0609,0.041,0.1896,0.8625,0.177,0.078,0.0455,-66.4079,54.1077,0.2708,0.3356,3.5502,-28.1037,-37.4281,0.0286,0.033,0.1107,0.1282,Barley
21.5552,49.8459,41.2194,0.2799,0.1099,-57.8628,0.0368,0.0812,0.8132,0.1971,0.0722,0.0406,-80.2801,75.5099,0.3373,0.2279,0.9018,-27.6698,-35.2789,0.0313,0.0248,0.1362,0.1176,Barley
21.9639,36.0283,39.6912,0.2327,0.15,-42.2737,0.0339,0.135,0.772,0.1915,0.0571,0.0355,-85.2649,79.4814,0.4107,0.3189,-2.1486,31.0274,-36.2843,0.0222,0.0249,0.1424,0.0945,Barley
3.4088,38.7396,38.03,0.3947,0.1202,-42.5805,0.05,0.132,0.8119,0.2303,0.0965,0.0419,8.603,44.3504,0.1956,0.3022,6.0097,-37.5545,-42.0828,0.0335,0.0371,0.1594,0.1388,Barley
4.0505,71.7868,34.0299,0.262,0.1136,10.6849,0.0389,0.1074,0.7888,0.2232,0.073,0.0427,41.0862,79.6473,0.1346,0.2598,3.4724,-34.8323,-25.5195,0.0281,0.0452,0.1778,0.0877,Barley
5.4157,62.6927,36.7177,0.3043,0.147,4.6199,0.0429,0.2137,0.8099,0.2219,0.0825,0.044,9.4744,53.6401,0.1491,0.4035,4.7453,-34.8282,-39.5218,0.0301,0.0614,0.1805,0.0765,Barley
12.0144,56.5412,38.9692,0.3396,0.1358,-50.1944,0.0575,0.1384,0.8174,0.2151,0.086,0.0424,-45.1184,37.6158,0.2269,0.3317,4.496,-31.3523,-42.3441,0.0295,0.041,0.1523,0.1207,Barley
20.8359,54.721,42.5653,0.3142,0.0886,-39.8056,0.0478,0.2208,0.8413,0.1856,0.0794,0.0415,-54.0178,38.8491,0.3079,0.3573,3.7532,-25.6936,36.6289,0.026,0.0244,0.1132,0.143,Barley
21.4487,59.929,41.3044,0.2989,0.067,-58.4652,0.0301,0.1667,0.8205,0.1876,0.0723,0.039,-53.5932,46.4591,0.33,0.2638,0.6902,-22.3897,34.2012,0.0267,0.0026,0.1091,0.1605,Barley
19.9674,62.6425,40.089,0.3838,0.1158,-60.0685,0.0306,0.0967,0.7991,0.196,0.0769,0.0342,-68.525,66.6168,0.3007,0.2431,-1.3368,-21.161,32.49,0.0437,0.0216,0.144,0.0979,Barley
12.1408,12.5299,37.1782,0.3434,0.183,-48.3665,0.0324,0.196,0.7649,0.1966,0.0644,0.0315,-88.0052,63.5946,0.3165,0.4114,-6.1854,36.1807,37.8839,0.0331,0.0085,0.1406,0.1104,Barley
44.5031,53.8206,47.7498,0.2554,0.1856,68.8753,0.0261,0.0166,0.6025,0.1803,0.031,0.0184,3.8328,5.6777,0.7496,0.2283,-2.2337,3.8393,-8.0002,0.1299,0.0177,0.0134,0.0687,Flax
44.5624,50.2092,47.7538,0.3316,0.1838,-71.1139,0.0382,0.027,0.5954,0.2062,0.0372,0.0187,-4.3517,7.7181,0.7284,0.249,-3.8287,-1.5942,-3.9314,0.0224,0.0528,0.172,0.0149,Flax
46.5965,64.1134,51.3154,0.3153,0.2178,-133.1524,0.0487,0.0209,0.5451,0.2379,0.0356,0.0185,-8.6274,55.0083,0.8283,0.2874,-9.2972,2.7086,-10.6821,0.179,0,0.0026,0.0872,Flax
47.1427,63.8742,53.0143,0.2698,0.1835,121.4296,0.0417,0.0268,0.6096,0.2097,0.0374,0.0215,-8.9349,-46.277,0.7841,0.252,-11.5143,9.4701,-6.0343,0.1432,0,0,0.099,Flax
44.1192,60.6627,49.5651,0.2353,0.1474,-175.9858,0.0582,0.0291,0.6337,0.2161,0.0403,0.025,-5.5071,43.607,0.7569,0.2347,-8.272,5.4238,-12.4029,0.0003,0.0945,0.1822,0.0044,Flax
43.9978,60.6007,48.1011,0.1875,0.2812,-31.6075,0.0464,0.0406,0.5763,0.2602,0.0383,0.0262,-2.068,20.6794,0.7871,0.3681,-5.6426,0.7381,-6.9823,0.0034,0.087,0.2216,0.0127,Flax
43.2751,53.5111,46.8279,0.1894,0.3401,72.8015,0.0402,0.0281,0.5304,0.282,0.0357,0.0243,1.1581,19.8398,0.8027,0.4085,-4.6376,8.3331,-15.4672,0.01,0.0737,0.2461,0.0123,Flax
44.5876,49.8401,47.7182,0.2526,0.2723,95.0425,0.0305,0.0338,0.5372,0.2569,0.0353,0.0211,4.2149,28.5429,0.8035,0.3366,-4.2438,15.4951,-20.4858,0.0074,0.0442,0.2034,0.0582,Flax
44.9168,51.137,48.4562,0.3095,0.2092,37.7468,0.0306,0.0279,0.6027,0.2058,0.0373,0.0196,4.3578,32.0091,0.7686,0.2677,-3.9238,16.6115,-19.6587,0.142,0.0227,0.002,0.096,Flax
46.975,51.3484,49.7944,0.3425,0.1634,74.2914,0.0457,0.0099,0.6042,0.1956,0.0367,0.018,1.6191,34.8536,0.7711,0.219,-3.2322,16.7411,-18.3828,0.1269,0.012,0,0.1115,Flax
49.2502,46.2181,51.2856,0.235,0.2629,-159.1455,0.0333,0.0295,0.5631,0.1927,0.0284,0.0176,1.8858,44.6179,0.7934,0.3258,-4.1882,20.4855,-20.311,0.145,0.0245,0.0018,0.0673,Flax
48.794,47.9496,50.506,0.2835,0.1668,146.3099,0.0228,0.0249,0.5383,0.2017,0.0286,0.016,5.4853,26.979,0.7986,0.2146,-3.2536,14.6455,-18.879,0.1525,0.0146,0.0026,0.0766,Flax
45.3912,49.402,48.0205,0.2995,0.1822,95.5275,0.0418,0.0289,0.5815,0.1768,0.0295,0.0159,9.9867,5.6655,0.7549,0.253,-1.4758,9.8197,-15.4232,0.1242,0.0018,0.0086,0.0877,Flax
44.9975,48.4042,47.8758,0.3574,0.1047,62.354,0.0136,0.0382,0.6147,0.1871,0.037,0.0175,7.641,-0.1505,0.7056,0.1565,-2.2539,4.6591,-12.366,0.1287,0.0119,0.0212,0.0798,Flax
43.9921,58.9216,48.5363,0.3199,0.3382,170.9097,0.0392,0.0212,0.538,0.2622,0.0385,0.0198,-5.0182,35.2628,0.8137,0.3986,-7.8024,3.9434,-11.748,0.1994,0,0.0156,0.0833,Flax
5.4542,40.897,24.7886,0.1368,0.6835,1.9415,0.149,0.8131,0.6463,1.1594,0.2049,0.1556,57.3462,-32.5431,0.1922,1.6457,0.8809,-41.4538,43.4564,0.0157,0.1076,0.9214,0.4752,Potatos
3.4227,87.0964,22.0795,0.1801,0.8255,8.8721,0.0891,0.8255,0.6164,1.0505,0.1756,0.122,35.6789,-48.6175,0.1235,1.7402,0.5034,-7.663,7.5947,0.0359,0.0022,0.791,0.519,Potatos
2.7757,28.9258,22.0678,0.2466,0.4757,9.6375,0.1643,0.4584,0.6195,1.0267,0.1849,0.1117,69.7007,22.1942,0.1032,1.0984,0.6819,-43.538,43.9966,0.0373,0.0613,0.8282,0.3965,Potatos
2.1658,36.9513,27.3435,0.2116,0.6261,18.7586,0.3415,0.6387,0.697,1.0888,0.245,0.1594,56.3839,-9.7766,0.1141,1.6063,2.51,-42.8268,-41.674,0.0135,0.2566,0.9446,0.2784,Potatos
2.6188,59.3408,22.0887,0.2363,0.6392,-20.0952,0.0746,0.4712,0.6245,0.9658,0.175,0.1081,65.2265,-58.0066,0.08,1.185,-0.4414,-42.5603,-42.5519,0.049,0.0696,0.8,0.3304,Potatos
2.8412,88.3835,21.835,0.2023,0.4751,-12.8356,0.13,0.4264,0.617,0.95,0.1625,0.1078,-34.3904,-69.5596,0.0202,1.0315,0.3484,25.3875,5.7113,0.0451,0.0971,0.8176,0.2605,Potatos
4.5666,67.3429,24.5217,0.1786,0.5833,9.1416,0.1185,0.4557,0.6387,0.9666,0.1736,0.121,46.2823,-51.155,0.196,1.1575,1.8042,39.6711,-42.0116,0.0041,0.0251,0.7012,0.5307,Potatos
2.606,64.1144,27.0435,0.1322,0.4604,-20.4099,0.1156,0.3709,0.7095,0.76,0.1647,0.1263,-8.9089,-41.2129,0.0962,0.9469,-1.5169,-40.7884,-43.3894,0,0.0266,0.4705,0.5539,Potatos
2.4707,30.1611,26.3387,0.1648,0.3295,-15.4948,0.1803,0.3229,0.7036,0.757,0.1662,0.1192,57.7389,5.4714,0.0829,0.8327,-1.0016,43.3174,-44.2263,0,0.0794,0.5168,0.4462,Potatos
6.3162,35.0961,25.2383,0.101,0.6264,3.8353,0.1547,0.4866,0.6476,0.877,0.1503,0.1227,-88.8019,27.7466,0.0102,1.2677,-0.7976,41.7904,41.7533,0.0566,0,0.717,0.3012,Potatos
3.5248,42.0232,20.8362,0.1415,0.4816,-2.6476,0.1747,0.6114,0.5896,1.0421,0.1536,0.1155,-76.0732,-61.3374,0.068,1.2677,-0.3643,42.6848,42.9981,0,0.1965,0.9228,0.192,Potatos
2.841,67.5392,22.1014,0.2834,0.4916,-18.3399,0.1547,0.6214,0.6103,0.9782,0.1771,0.0989,-46.5323,68.6171,0.126,1.2677,-0.9888,43.7209,37.3818,0,0.0446,0.7053,0.5042,Potatos
4.1175,50.1825,24.596,0.2,0.4891,-12.1837,0.1012,0.4806,0.6319,0.9902,0.1775,0.1183,76.7896,-56.5037,0.047,1.0709,2.4775,-40.7385,-42.2618,0.0694,0,0.8225,0.3153,Potatos
7.4617,71.9422,25.8699,0.1466,0.5153,5.856,0.1324,0.5531,0.6422,0.9365,0.1649,0.1227,74.8147,-75.1523,0.1576,1.2008,-1.2043,-32.996,-33.1715,0.0795,0,0.7814,0.2906,Potatos
6.3022,79.7224,25.5668,0.1247,0.4556,6.3016,0.0948,0.4968,0.6377,0.9916,0.1684,0.1311,49.7901,-69.4391,0.1923,1.0472,-2.2692,-24.6848,-16.4077,0.0216,0.2119,0.909,0.1486,Potatos
4.9205,84.8281,22.8325,0.1516,0.4599,7.0284,0.096,0.4599,0.6113,1.0065,0.1609,0.1185,65.2866,-70.3588,0.141,1.0157,-0.8096,10.4475,14.7707,0.0284,0.1784,0.9268,0.1523,Potatos
3.4905,84.7141,22.6149,0.1995,0.602,11.7308,0.0957,0.5818,0.625,0.9336,0.1635,0.1091,69.5833,-71.5393,0.1071,1.2795,-0.5069,-23.6696,-32.7951,0.0342,0.0947,0.7878,0.2896,Potatos
22.7863,67.2296,39.5609,0.3137,0.0756,-7.8153,0.0243,0.1373,0.7655,0.1766,0.0561,0.0293,-39.2026,38.4043,0.4014,0.2372,1.2385,-3.0128,25.4745,0.0365,0.0125,0.1229,0.0902,Beans
24.6381,62.484,41.968,0.3081,0.0929,-31.6075,0.0356,0.2062,0.7994,0.1539,0.0552,0.0292,-37.7358,36.9418,0.3787,0.3346,1.6036,-12.4591,42.161,0.0367,0.0002,0.0879,0.1135,Beans
32.7653,50.4153,45.0405,0.2435,0.0585,-27.1497,0.0408,0.1364,0.7954,0.1595,0.0524,0.0319,-28.394,26.3084,0.4808,0.2357,2.8933,-16.315,41.1015,0.0728,0.0063,0.0462,0.1184,Beans
35.3421,52.3301,45.7954,0.1827,0.0254,-41.9872,0.0434,0.1212,0.7736,0.1721,0.0489,0.0338,-19.9118,10.4356,0.5476,0.19,4.1516,-10.6773,28.8923,0.0286,0.0356,0.1153,0.0753,Beans
34.2428,63.2012,44.2553,0.2312,0.0637,-56.0235,0.0348,0.1958,0.7485,0.1762,0.0482,0.0301,-19.9292,17.51,0.5847,0.2943,2.9649,5.5357,-2.9982,0.0219,0.0495,0.1369,0.0463,Beans
31.3024,61.9857,43.5392,0.3039,0.0638,-42.5104,0.0272,0.1747,0.7795,0.1589,0.0526,0.0281,-21.3419,19.1076,0.4734,0.2657,2.2885,2.4923,-0.1669,0.0325,0.0455,0.1276,0.0339,Beans
29.3869,62.3902,44.1101,0.3629,0.0598,8.7462,0.0231,0.1002,0.8184,0.1264,0.0522,0.0244,-21.3942,20.4589,0.3759,0.1831,1.8726,3.561,-4.8367,0.0357,0.0316,0.0948,0.0408,Beans
29.6926,60.3369,44.4715,0.387,0.0495,-36.6071,0.0252,0.0896,0.8216,0.1206,0.0521,0.023,-24.3203,21.307,0.3566,0.1644,1.6674,-5.6329,22.3323,0.0394,0.0169,0.0793,0.0601,Beans
23.7233,68.4652,41.4824,0.368,0.055,-30.9638,0.0229,0.116,0.8053,0.1287,0.0508,0.0235,-24.7181,26.4374,0.3453,0.1939,-0.1823,3.8283,-8.0639,0.0332,0.017,0.0873,0.0655,Beans
26.9331,66.1251,43.2451,0.4076,0.0757,-21.413,0.0244,0.0771,0.8108,0.1307,0.0555,0.0234,-24.0446,31.2857,0.3434,0.1772,-2.7929,1.0472,-6.2992,0.0512,0.0004,0.0557,0.1024,Beans
30.3981,63.1981,44.8325,0.4404,0.0611,-118.2374,0.0335,0.1032,0.8209,0.1227,0.0569,0.0221,-10.8809,15.9558,0.3308,0.1978,-2.0334,1.3101,-5.8772,0.0525,0.0049,0.0545,0.0899,Beans
30.8588,59.4916,43.3287,0.3655,0.0437,-10.0806,0.0212,0.1506,0.7774,0.1484,0.0523,0.0243,-19.684,17.9234,0.4402,0.2156,-2.33,-10.1437,15.6367,0.0396,0.019,0.1003,0.066,Beans
27.5169,63.0147,41.3687,0.4061,0.077,-30.8157,0.0313,0.2233,0.7576,0.1721,0.0591,0.0249,-18.9395,20.9224,0.4179,0.3317,-1.933,0.1904,-7.6995,0.0476,0.0161,0.1244,0.068,Beans
21.7966,67.3577,38.9549,0.3679,0.099,-30.8768,0.0306,0.208,0.7631,0.1756,0.0588,0.0272,-24.1672,24.3902,0.3817,0.3376,1.3939,11.2912,-35.6396,0.0371,0.0276,0.1369,0.0599,Beans
22.4731,67.6022,38.9551,0.3668,0.0829,-9.7067,0.0306,0.1153,0.7528,0.1686,0.0543,0.0251,-38.0661,37.0884,0.3974,0.2288,1.5141,-2.7853,24.8887,0.0359,0.0111,0.1198,0.0812,Beans
21.461,67.2637,38.8604,0.3052,0.088,-54.9341,0.0226,0.1187,0.7581,0.1568,0.048,0.0256,-43.456,45.1458,0.392,0.2293,2.0723,-8.3122,-34.7944,0.0308,0.0008,0.1015,0.0973,Beans
1.5456,39.0665,33.8536,0.1765,0.1591,19.552,0.055,0.2091,0.8145,0.2953,0.0969,0.0678,53.1076,-36.1855,0.0875,0.4232,-1.9615,-42.6204,-43.6655,0.0134,0.0161,0.1603,0.2702,Fruit_trees
6.3538,37.7237,33.1977,0.2278,0.2257,20.5109,0.0722,0.2257,0.7867,0.32,0.1,0.0629,71.3471,-51.0144,0.1343,0.5236,0.9212,-40.9678,42.948,0.0259,0.0355,0.2178,0.2037,Fruit_trees
1.7871,63.8882,31.6439,0.1617,0.2094,22.762,0.0546,0.2498,0.7822,0.3456,0.0991,0.0715,27.9754,-56.1629,0.0668,0.5138,-1.9928,40.7266,43.7261,0.0219,0.0582,0.2533,0.1828,Fruit_trees
6.3125,83.2792,37.1573,0.1614,0.2616,-19.5731,0.098,0.1699,0.8407,0.3074,0.1099,0.0793,-32.8459,24.1767,0.0848,0.5295,-2.6533,12.8458,35.9743,0.0197,0.0965,0.2278,0.1526,Fruit_trees
4.2966,71.2212,34.4062,0.1981,0.2091,15.6795,0.083,0.1469,0.8141,0.3328,0.1116,0.0747,-17.2754,25.753,0.0885,0.439,-1.6109,36.9464,43.7183,0.0305,0.0461,0.2218,0.2206,Fruit_trees
14.8568,66.8748,38.02,0.2095,0.1965,-14.7151,0.0628,0.1965,0.8042,0.3615,0.1182,0.0772,-28.7778,24.5412,0.2857,0.4557,-1.8148,24.1304,-41.4553,0.0343,0.0498,0.2481,0.2247,Fruit_trees
14.634,74.1906,38.6076,0.165,0.2416,-20.4099,0.0995,0.1185,0.8243,0.3326,0.1119,0.0802,-32.7161,26.8332,0.2637,0.4596,-1.3297,14.294,-29.4128,0.0291,0.0651,0.2304,0.2001,Fruit_trees
20.693,64.3886,40.9906,0.2822,0.4786,-24.4077,0.0265,0.243,0.8153,0.3646,0.1349,0.0755,-11.9477,7.8938,0.3283,0.748,-1.9681,17.4104,-39.14,0.0773,0.0548,0.243,0.1999,Fruit_trees
20.0249,65.0389,39.464,0.2494,0.3648,-27.1213,0.0751,0.0896,0.7956,0.3853,0.1274,0.0765,-25.1768,17.0399,0.3562,0.5295,-1.5775,19.1248,-34.1265,0.0653,0.0632,0.2712,0.1895,Fruit_trees
18.8228,63.0049,38.9246,0.1255,0.3564,-28.54,0.1075,0.2546,0.7988,0.4197,0.1231,0.0957,-18.9112,-6.2434,0.363,0.7185,-2.4414,25.9172,-32.2968,0.0319,0.1203,0.3083,0.178,Fruit_trees
21.5369,68.3379,39.8482,0.2018,0.3342,0,0.1085,0.1085,0.7888,0.397,0.1216,0.0808,-26.7936,23.8306,0.3884,0.5512,-1.7813,6.3045,25.6859,0.0604,0.0904,0.3042,0.1444,Fruit_trees
20.0804,70.1973,40.0635,0.218,0.4977,-2.6026,0.0569,0.1678,0.8084,0.3691,0.1237,0.0794,-1.3987,-0.2368,0.349,0.7224,-2.1273,-7.0538,17.402,0.0638,0.0809,0.2706,0.1569,Fruit_trees
23.5938,62.1527,44.08,0.2185,0.38,3.1507,0.1645,0.1188,0.8671,0.3393,0.1444,0.0926,2.5603,-19.3834,0.2777,0.6634,-2.1471,20.6861,-28.7173,0.0666,0.0226,0.1217,0.3655,Fruit_trees
22.0027,71.0153,44.1858,0.2063,0.2984,39.0939,0.1297,0.1211,0.8757,0.3123,0.1362,0.0896,22.6714,-41.5921,0.2628,0.5492,-2.5454,14.2984,-15.559,0.1096,0.0296,0.0473,0.3515,Fruit_trees
19.4987,70.6452,41.777,0.2838,0.2499,-26.5651,0.096,0.162,0.8391,0.3498,0.1428,0.0797,-4.2967,2.2697,0.2718,0.5079,-3.4419,-5.8694,-16.1657,0.0724,0.1221,0.2839,0.0939,Fruit_trees
20.0983,68.0116,42.1335,0.2258,0.3192,-54.4623,0.1027,0.1451,0.8439,0.3645,0.1418,0.0896,-8.1079,-3.1609,0.2737,0.5669,-3.6492,12.679,29.5516,0.0598,0.1207,0.2643,0.151,Fruit_trees
22.6282,59.3978,46.3588,0.1706,0.0602,61.8214,0.0397,0.0866,0.9098,0.105,0.0517,0.0366,-44.9944,42.5443,0.2543,0.1865,2.8645,22.4268,-33.6221,0.0126,0.0284,0.0554,0.0969,Grass
9.3453,44.7623,40.482,0.1901,0.0758,-2.1409,0.0597,0.113,0.868,0.1302,0.0538,0.0366,-53.6841,47.4302,0.1812,0.2485,3.8262,38.416,-36.0532,0.0117,0.0278,0.078,0.1031,Grass
17.6662,17.4871,42.735,0.1549,0.0626,-26.0954,0.0412,0.0975,0.8755,0.1251,0.0514,0.0376,-85.6513,7.558,0.2426,0.2013,-1.4133,-36.2725,-36.8052,0.0098,0.041,0.0826,0.0807,Grass
8.114,13.2731,42.8531,0.2584,0.069,-70.9065,0.0259,0.0616,0.8473,0.1231,0.0505,0.0297,-70.5585,47.39,0.3155,0.1565,10.5838,34.0208,26.546,0.0192,0.0146,0.0754,0.094,Grass
19.4806,70.655,45.0903,0.2452,0.0694,-51.8428,0.0393,0.0576,0.9001,0.1043,0.0537,0.0326,-53.1548,48.6987,0.2128,0.1663,0.9316,-11.7412,21.8882,0.019,0.0221,0.0569,0.0926,Grass
9.5916,21.6715,42.4543,0.352,0.0578,-1.4502,0.0204,0.0788,0.8547,0.1114,0.0532,0.0255,-77.9896,65.0468,0.2243,0.157,-7.8562,-35.3913,30.0984,0.0263,0.0036,0.0618,0.0983,Grass
17.446,9.5285,42.8643,0.3932,0.0939,-24.0875,0.0131,0.0893,0.8248,0.1177,0.052,0.0227,-86.9914,35.5696,0.3069,0.1964,8.6285,32.8555,30.7422,0.0548,0.0006,0.0434,0.0937,Grass
8.2943,78.2861,40.5961,0.2529,0.0863,-31.6075,0.0296,0.0928,0.8678,0.1155,0.0514,0.0307,-41.3236,59.2396,0.1382,0.2087,3.8674,15.6539,-15.1461,0.0177,0.0291,0.0779,0.0729,Grass
22.1252,62.7065,43.0879,0.3523,0.0477,-43.6678,0.0199,0.1007,0.8423,0.113,0.051,0.0244,-55.4809,53.5033,0.2766,0.1683,1.081,-17.4371,-39.0996,0.025,0.0115,0.0709,0.0811,Grass
22.2781,66.6845,45.0033,0.2489,0.0712,-89.1575,0.0285,0.0858,0.8826,0.1059,0.0503,0.0302,-37.7632,39.4636,0.2629,0.1855,3.115,8.9051,-17.7267,0.0199,0.0235,0.0646,0.0783,Grass
21.804,50.9229,43.8983,0.2333,0.072,7.5946,0.0474,0.1036,0.8734,0.1214,0.0542,0.0337,-43.1041,24.4145,0.3031,0.2229,1.4002,30.1344,-33.5529,0.05,0.0031,0.008,0.1482,Grass
22.1625,60.0449,46.4617,0.1996,0.0585,-12.8356,0.0515,0.0598,0.9085,0.0964,0.0489,0.0326,-50.8245,51.4436,0.2314,0.1698,-1.648,21.0578,-41.8415,0.0333,0.0155,0.0242,0.105,Grass
16.6382,75.1973,45.1971,0.2436,0.0648,-11.5922,0.0353,0.0495,0.9097,0.0915,0.0495,0.0301,-45.798,45.241,0.1628,0.1496,0.8995,8.344,-14.3272,0.0183,0.0249,0.0521,0.0759,Grass
20.2344,66.394,44.5164,0.3983,0.059,-45,0.0194,0.0978,0.8681,0.1029,0.0561,0.0242,-74.1185,74.7998,0.2014,0.1762,-2.2481,14.2351,-39.6876,0.0433,0.0013,0.0422,0.0964,Grass
18.8088,58.5252,46.1402,0.1857,0.1436,61.8214,0.0711,0.1613,0.9,0.236,0.1126,0.0773,67.1197,-72.5003,0.2662,0.376,7.4798,20.9591,15.5261,0.0884,0.0248,0.0315,0.2812,Peas
15.7198,27.6822,46.0866,0.1899,0.1518,90,0.0746,0.1003,0.9214,0.237,0.1274,0.0867,79.3393,-45.5155,0.1724,0.3268,-2.566,35.9598,38.427,0.059,0.0342,0.0443,0.3135,Peas
7.2459,21.6473,43.2495,0.2475,0.1722,-5.5722,0.1358,0.1919,0.893,0.2686,0.1339,0.0808,58.5337,3.042,0.1477,0.5,5.5217,38.088,42.7372,0.0354,0.0461,0.133,0.2687,Peas
8.0947,34.8919,43.3475,0.225,0.268,29.2113,0.0425,0.2033,0.8906,0.2865,0.1371,0.0867,28.4197,-24.0778,0.1819,0.5138,-5.8119,-40.3442,33.5513,0.0181,0.0782,0.1534,0.2606,Peas
15.4806,56.2136,46.9068,0.2174,0.1901,35.1542,0.0984,0.2017,0.915,0.235,0.1264,0.0813,35.9818,-70.1164,0.1979,0.4902,9.2188,26.6898,7.4912,0.0718,0.0316,0.0413,0.298,Peas
8.37,60.0175,43.4055,0.1415,0.2665,12.7244,0.1668,0.1553,0.9006,0.2639,0.1199,0.0901,24.1853,-78.5749,0.1648,0.5886,5.8099,-35.0556,-10.7044,0,0.1138,0.0916,0.2685,Peas
13.1525,71.1138,42.5957,0.1667,0.1625,15.1011,0.0763,0.1824,0.887,0.2797,0.1226,0.0876,30.1169,-61.8607,0.2367,0.4213,0.9874,-35.6276,20.0479,0,0.0426,0.0388,0.4085,Peas
7.9807,80.7053,44.1633,0.0799,0.2159,33.6901,0.0946,0.1265,0.9258,0.2491,0.1202,0.1024,3.4409,3.0491,0.0996,0.437,-1.7051,-19.6876,31.8089,0,0.0256,0.0378,0.4083,Peas
8.809,75.3895,47.8222,0.1295,0.2138,-38.6598,0.1224,0.1736,0.9426,0.2439,0.1378,0.1062,5.9661,23.2254,0.1112,0.5098,-6.2197,-32.0541,33.5588,0.0075,0.1088,0.1056,0.2659,Peas
11.7595,66.721,49.2331,0.1501,0.2139,75.3236,0.1017,0.1717,0.9491,0.2545,0.1542,0.114,55.6787,-50.8176,0.0801,0.4872,-4.6659,-40.3779,34.8524,0.0261,0.1206,0.1187,0.2573,Peas
19.38,31.4513,48.1083,0.1162,0.1557,68.7495,0.1514,0.1348,0.9446,0.2599,0.1463,0.1158,59.6062,-29.8245,0.1799,0.4419,-2.5021,-36.6853,36.915,0.0117,0.0914,0.0992,0.3197,Peas
12.3767,77.3475,40.7756,0.1435,0.0724,-33.3885,0.0496,0.13,0.8683,0.1616,0.0635,0.0476,-47.5968,44.2824,0.2168,0.252,2.557,-8.7799,33.5142,0.0086,0.0187,0.0803,0.1651,Unclass
19.6397,13.5723,43.5353,0.1532,0.0894,-31.6075,0.0707,0.0894,0.8741,0.1889,0.0769,0.0565,-82.5603,-38.1255,0.2091,0.2495,4.173,-35.4295,-34.5806,0.0077,0.1236,0.1637,0.0272,Unclass
18.0559,63.7213,40.959,0.0976,0.1042,-43.6553,0.0565,0.1001,0.8133,0.1847,0.0555,0.0457,-80.4422,81.0014,0.307,0.2608,5.8359,-18.0189,-42.5326,0.024,0,0.1192,0.1142,Unclass
19.9362,52.5813,38.5612,0.0723,0.178,-33.6901,0.0614,0.1071,0.7809,0.2536,0.0661,0.0572,-55.0531,53.4647,0.3051,0.3465,2.5846,32.1907,-37.9398,0.0285,0,0.1679,0.1444,Unclass
16.7422,83.3246,39.9332,0.0425,0.2981,-13.183,0.113,0.1518,0.8197,0.2957,0.0861,0.0791,-51.7253,22.1153,0.2712,0.563,3.7687,13.6925,-5.5839,0,0.1769,0.2702,0.0138,Unclass
11.6911,70.2486,39.0204,0.0675,0.1545,-43.9949,0.105,0.1215,0.845,0.3041,0.1001,0.0875,-53.9983,69.0088,0.1747,0.3809,0.4787,41.0738,-22.8172,0.0008,0.103,0.2112,0.1766,Unclass
5.34,61.3165,38.9402,0.0689,0.1335,-3.1798,0.0555,0.1467,0.8751,0.2585,0.0965,0.084,-47.459,59.7105,0.1002,0.3356,-1.4199,39.0023,-41.6069,0.0327,0.0026,0.0687,0.335,Unclass
10.4388,66.6264,39.2588,0.1775,0.0822,-43.5312,0.0506,0.0966,0.8227,0.1796,0.0609,0.0425,-56.6641,65.9861,0.233,0.2293,6.602,-23.7193,-39.9673,0.0119,0.0915,0.1668,0.0129,Unclass
15.2339,76.2793,37.8969,0.117,0.1914,-18.1219,0.0443,0.095,0.7964,0.2617,0.0754,0.0596,-42.0755,29.2566,0.2576,0.3307,4.1682,-8.5504,-24.2788,0.0412,0,0.1835,0.1376,Unclass
12.8002,62.8792,38.2269,0.1185,0.3349,15.9454,0.0957,0.2446,0.8115,0.324,0.0989,0.0779,-32.6347,1.3261,0.2617,0.6752,4.9767,-29.1333,-38.242,0.0063,0.1598,0.2929,0.0418,Unclass
8.9526,59.4082,35.8647,0.1303,0.2467,-18.2325,0.1031,0.2073,0.8156,0.3427,0.1075,0.0827,-36.3301,11.7895,0.1771,0.5571,1.5438,-36.4688,-40.9141,0.0117,0.0703,0.2315,0.2193,Unclass
4.8266,30.6889,35.7082,0.1931,0.2086,7.4314,0.0621,0.1673,0.8295,0.293,0.1037,0.0701,-49.1361,38.8291,0.1037,0.438,1.753,-41.727,43.6201,0.0229,0.0137,0.1557,0.2745,Unclass
10.4284,26.9967,39.4944,0.1521,0.0833,-17.5713,0.0386,0.136,0.8468,0.1748,0.0634,0.0467,-76.539,-30.7302,0.2163,0.2579,-4.1382,-37.81,-40.3278,0.0062,0.0445,0.1128,0.1214,Unclass
6.6197,53.3873,40.443,0.2114,0.1001,1.3322,0.0438,0.1209,0.8747,0.1548,0.0676,0.044,-66.0667,62.6458,0.1357,0.2648,-3.1761,37.4351,43.4202,0.0279,0.0028,0.048,0.1877,Unclass
10.7305,73.9749,40.1713,0.1992,0.1127,-27.7585,0.0365,0.0771,0.8651,0.1616,0.0667,0.0445,-24.3555,36.5631,0.1709,0.2264,1.8998,-24.044,34.0442,0.0169,0.0146,0.0823,0.159,Unclass
11.1879,67.7155,39.6756,0.1885,0.1917,9.3771,0.0567,0.0863,0.8525,0.226,0.0873,0.0596,-19.5933,12.8887,0.1852,0.3346,2.3982,-28.4512,-42.1737,0.0214,0.0487,0.1463,0.1566,Unclass
11.3801,56.9352,39.7214,0.1918,0.2665,-18.1038,0.1047,0.2332,0.8427,0.2962,0.1103,0.0748,-17.1786,5.5193,0.2152,0.6043,4.2332,-31.965,-42.746,0.009,0.0853,0.1976,0.1895,Unclass
8.2425,50.5991,36.8799,0.2025,0.3432,-25.6768,0.1294,0.2419,0.8264,0.3349,0.1183,0.0785,-42.696,25.37,0.1738,0.7146,2.2415,-37.7487,43.0468,0.0175,0.0346,0.1908,0.2887,Unclass
9.9994,46.9528,37.0389,0.2041,0.2596,-4.8991,0.0415,0.2264,0.8141,0.3043,0.1027,0.0679,-44.9123,44.8979,0.2154,0.5276,3.054,-36.5055,43.5995,0.0213,0.0141,0.1702,0.2694,Unclass
